filename,md5_hash
Understory_AeroShield.mp3 - 2021-08-02-04-16-29.txt,851a60d8e8e6da0f12b34440a2b45c74
Understory_Just_Salad.mp3 - 2021-08-02-17-01-42.txt,884ec395dd83e89f7d31c044d2299bd6
harvard.mp3 - 2021-08-03-01-54-22.txt,a109ee6cb6c2eaf3ec3a404552b5e2f6
brooklyn_bridge.flac - 2021-08-03-01-55-32.txt,022d2378f7c391c4a6e98b956561d7e1
Understory_Noissue.mp3 - 2021-08-03-05-44-07.txt,d6aaab5f0b249065f366473d56f0b8a9
Understory_Repack.mp3 - 2021-08-03-05-57-03.txt,df88af69d7c8c0fe3ccc356a93d5c785
default.mp3_43cfc09a6ce016795e489da03daf4583_57036466.mp3 - 2021-08-03-05-55-21.txt,8e095481f6a2ed895df4620cca7012f0
default.mp3_43cfc09a6ce016795e489da03daf4583_57036466.mp3 - 2021-08-03-06-02-18.txt,8e095481f6a2ed895df4620cca7012f0
Podcast-722_v2.mp3 - 2021-08-04-03-48-16.txt,6319709be035dd5ca0cfb7d86a817cbb
